activity_level,percentage
moderately active,0.375
very active,0.20833333333333334
sedentary,0.20833333333333334
lightly active,0.20833333333333334
